1,SES CH1
2,SES CH2
3,SES CH3
4,SES CH4
5,SES CH5
6,SES CH6
7,SES CH7
8,SES CH8
9,SES CH9
10,SES CH10
11,SES CH11
12,SES CH12
13,SES CH13
14,SES CH14
15,SES CH15
16,SES SIMP1
17,SES SIMP2
18,SES SIMP3
19,SES SIMP4
20,SES SIMP5
21,SES SIMP6
22,SES SIMP7
23,SES SIMP8
24,SES SIMP9
25,SES SIMP10
26,IVR CH1
27,IVR CH2
28,IVR CH3
29,IVR CH4
30,CB CH1
31,CB CH2
32,CB CH3
33,CB CH4
34,CB CH5
35,CB CH6
36,CB CH7
37,CB CH8
38,CB CH9
39,CB CH10
40,CB CH11
41,CB CH12
42,CB CH13
43,CB CH14
44,CB CH15
45,CB CH16
46,CB CH17
47,CB CH18
48,CB CH19
49,CB CH20
50,CB CH21
51,CB CH22
52,CB CH23
53,CB CH24
54,CB CH25
55,CB CH26
56,CB CH27
57,CB CH28
58,CB CH29
59,CB CH30
60,CB CH31
61,CB CH32
62,CB CH33
63,CB CH34
64,CB CH35
65,CB CH36
66,CB CH37
67,CB CH38
68,CB CH39
69,CB CH40
